Ticket ID,Customer Age,Customer Gender,Product Purchased,Ticket Type,Ticket Subject,Ticket Status,Ticket Priority,Ticket Channel,Customer Satisfaction Rating,Resolution_Time_Hours,Purchase_Year,Purchase_Month
3,48.0,2,10,4,8,0,2,3,3.0,6.85,2020.0,7.0
4,27.0,0,25,0,0,0,2,3,3.0,-5.533333333333333,2020.0,11.0
5,67.0,0,5,0,3,0,2,1,1.0,19.683333333333334,2020.0,2.0
11,48.0,1,30,1,3,0,1,2,1.0,-17.916666666666668,2021.0,1.0
12,51.0,1,27,2,15,0,1,0,1.0,-2.6333333333333333,2021.0,10.0
15,48.0,0,38,0,13,0,1,0,4.0,-7.233333333333333,2020.0,2.0
17,63.0,2,40,2,0,0,0,0,4.0,-3.8,2021.0,10.0
20,39.0,0,9,3,15,0,2,0,5.0,19.716666666666665,2021.0,3.0
29,30.0,2,12,4,12,0,0,2,5.0,6.766666666666667,2020.0,6.0
30,67.0,1,40,1,2,0,3,2,1.0,17.483333333333334,2020.0,12.0
32,60.0,1,15,4,11,0,3,3,3.0,0.5666666666666667,2021.0,12.0
34,50.0,1,5,3,6,0,0,3,5.0,16.4,2021.0,12.0
36,24.0,2,16,1,12,0,1,0,1.0,-7.7,2020.0,10.0
39,19.0,1,18,4,0,0,0,2,3.0,-20.866666666666667,2021.0,9.0
42,35.0,1,10,0,11,0,0,0,3.0,-5.7,2021.0,6.0
45,34.0,2,19,3,11,0,0,1,2.0,-2.65,2021.0,9.0
47,50.0,0,31,3,8,0,1,2,1.0,5.683333333333334,2020.0,10.0
48,27.0,0,16,4,15,0,3,3,1.0,-1.2833333333333334,2020.0,7.0
52,64.0,1,21,3,15,0,3,0,3.0,-5.833333333333333,2020.0,11.0
53,54.0,1,28,3,8,0,1,3,3.0,19.083333333333332,2021.0,10.0
54,37.0,1,19,1,4,0,2,0,4.0,9.766666666666667,2021.0,8.0
59,27.0,1,5,4,12,0,3,2,5.0,-7.183333333333334,2020.0,7.0
60,40.0,2,3,2,2,0,3,0,3.0,-19.2,2021.0,9.0
61,40.0,1,37,1,13,0,3,0,1.0,11.616666666666667,2020.0,11.0
63,64.0,0,40,0,9,0,1,1,4.0,13.066666666666666,2020.0,12.0
67,49.0,0,16,0,11,0,1,1,5.0,5.183333333333334,2021.0,8.0
70,46.0,0,8,3,14,0,1,0,1.0,-13.1,2020.0,2.0
73,34.0,0,11,0,5,0,2,0,4.0,-1.3,2021.0,2.0
74,36.0,2,12,1,9,0,0,3,3.0,-19.116666666666667,2020.0,11.0
76,37.0,2,34,2,5,0,0,0,1.0,-12.216666666666667,2021.0,1.0
78,63.0,0,12,0,4,0,2,1,5.0,-3.9166666666666665,2020.0,12.0
83,24.0,1,33,3,15,0,2,3,1.0,14.916666666666666,2021.0,10.0
87,46.0,1,38,4,12,0,0,2,2.0,-11.666666666666666,2020.0,1.0
90,40.0,1,39,2,12,0,3,1,5.0,3.8666666666666667,2020.0,1.0
96,60.0,1,5,2,1,0,1,0,5.0,18.516666666666666,2021.0,10.0
99,38.0,1,35,0,14,0,1,0,5.0,7.666666666666667,2020.0,9.0
103,40.0,0,4,3,1,0,0,1,3.0,12.266666666666667,2021.0,1.0
107,42.0,0,30,1,7,0,2,1,2.0,9.133333333333333,2021.0,5.0
109,33.0,1,11,4,13,0,0,0,4.0,5.333333333333333,2020.0,1.0
111,60.0,0,1,1,10,0,1,1,2.0,9.483333333333333,2021.0,7.0
114,27.0,2,25,1,9,0,1,1,1.0,-5.0,2021.0,11.0
115,28.0,0,37,1,1,0,1,1,1.0,-4.383333333333334,2020.0,9.0
117,20.0,0,41,1,15,0,1,1,5.0,-0.75,2021.0,11.0
118,18.0,1,17,0,13,0,3,2,5.0,4.033333333333333,2020.0,2.0
120,41.0,0,12,0,15,0,2,2,2.0,10.45,2021.0,7.0
129,49.0,1,0,1,6,0,3,1,3.0,2.283333333333333,2021.0,4.0
131,43.0,1,4,0,12,0,3,1,2.0,-6.466666666666667,2020.0,2.0
134,50.0,1,30,3,14,0,0,2,5.0,-18.35,2021.0,6.0
135,66.0,1,33,1,13,0,0,1,2.0,-6.55,2020.0,5.0
138,21.0,2,1,4,8,0,2,0,4.0,-0.8,2021.0,12.0
139,58.0,1,0,2,11,0,0,0,2.0,7.1,2021.0,2.0
141,47.0,1,22,1,13,0,0,1,1.0,-4.083333333333333,2021.0,5.0
142,31.0,2,38,4,15,0,1,0,2.0,-16.133333333333333,2020.0,4.0
148,22.0,0,3,0,11,0,2,3,3.0,-14.283333333333333,2020.0,10.0
149,40.0,2,22,3,7,0,1,0,1.0,5.166666666666667,2021.0,10.0
150,64.0,0,32,4,10,0,0,1,3.0,3.466666666666667,2021.0,3.0
151,29.0,0,18,3,12,0,0,1,4.0,-8.7,2020.0,10.0
162,29.0,0,19,3,13,0,1,2,3.0,12.65,2020.0,1.0
163,30.0,1,7,3,9,0,0,2,1.0,-11.016666666666667,2021.0,10.0
164,34.0,1,25,1,12,0,3,2,3.0,-10.216666666666667,2020.0,11.0
165,24.0,1,19,0,13,0,2,3,5.0,1.7833333333333334,2021.0,5.0
167,32.0,0,40,3,1,0,3,1,3.0,2.9,2020.0,4.0
168,41.0,1,14,4,4,0,3,0,3.0,-6.366666666666666,2020.0,1.0
170,30.0,1,39,2,8,0,3,2,1.0,-3.1,2020.0,8.0
171,44.0,0,25,0,13,0,2,3,4.0,2.9,2021.0,12.0
176,42.0,2,33,4,4,0,3,1,4.0,-5.85,2021.0,10.0
183,33.0,0,36,2,4,0,1,0,4.0,5.083333333333333,2021.0,4.0
184,32.0,0,18,0,8,0,3,2,4.0,4.216666666666667,2020.0,3.0
189,37.0,2,34,3,11,0,1,2,1.0,-8.433333333333334,2021.0,1.0
193,58.0,2,16,2,0,0,3,2,1.0,-22.7,2021.0,10.0
195,57.0,1,36,0,9,0,3,3,2.0,7.683333333333334,2021.0,6.0
198,30.0,1,24,3,4,0,1,0,3.0,-4.3,2021.0,1.0
199,60.0,0,1,1,13,0,0,0,5.0,18.283333333333335,2021.0,7.0
200,66.0,2,9,2,15,0,3,0,5.0,7.916666666666667,2020.0,9.0
205,43.0,0,17,1,15,0,1,2,3.0,0.05,2020.0,6.0
206,55.0,1,39,3,4,0,3,2,1.0,-2.6333333333333333,2020.0,11.0
210,62.0,2,31,4,4,0,2,0,1.0,-1.6666666666666667,2020.0,2.0
220,65.0,0,9,4,14,0,0,3,2.0,1.0833333333333333,2021.0,9.0
221,70.0,0,39,0,7,0,3,3,5.0,-8.133333333333333,2021.0,3.0
226,35.0,0,33,4,12,0,1,0,4.0,-14.483333333333333,2020.0,3.0
227,53.0,0,3,0,12,0,1,2,4.0,17.366666666666667,2021.0,1.0
230,66.0,1,27,4,6,0,0,3,2.0,2.5,2021.0,2.0
237,40.0,1,41,3,14,0,0,2,3.0,-7.633333333333334,2021.0,1.0
238,31.0,1,39,2,10,0,1,3,4.0,7.783333333333333,2021.0,9.0
241,66.0,1,32,4,4,0,2,3,5.0,-3.033333333333333,2021.0,7.0
242,55.0,1,41,0,11,0,2,3,2.0,13.65,2021.0,10.0
250,35.0,1,38,3,11,0,1,0,3.0,-0.6,2021.0,9.0
251,19.0,0,34,4,13,0,0,2,2.0,4.816666666666666,2021.0,7.0
260,33.0,1,33,0,1,0,2,3,5.0,5.533333333333333,2021.0,8.0
263,48.0,1,26,2,6,0,3,0,2.0,-5.6,2021.0,12.0
265,46.0,2,39,3,2,0,0,3,3.0,-11.95,2021.0,6.0
266,29.0,1,20,1,11,0,3,0,2.0,-4.05,2020.0,4.0
270,64.0,2,24,3,6,0,1,3,3.0,8.8,2021.0,5.0
271,63.0,1,40,0,3,0,0,2,1.0,-0.65,2021.0,1.0
278,39.0,0,5,0,14,0,3,0,4.0,-6.183333333333334,2020.0,2.0
279,21.0,2,3,4,15,0,2,3,5.0,-1.6166666666666667,2021.0,6.0
281,33.0,1,7,2,14,0,0,0,2.0,1.7833333333333334,2021.0,5.0
293,35.0,0,32,0,11,0,1,1,2.0,4.3,2021.0,12.0
295,58.0,0,32,2,2,0,0,2,3.0,-1.5666666666666667,2020.0,9.0
297,26.0,0,27,0,7,0,3,3,5.0,-3.0166666666666666,2021.0,4.0
298,24.0,1,3,1,2,0,0,2,2.0,13.433333333333334,2020.0,9.0
303,44.0,1,2,2,10,0,3,2,1.0,1.0666666666666667,2020.0,1.0
305,53.0,0,2,1,15,0,3,0,5.0,8.933333333333334,2021.0,3.0
307,32.0,0,15,3,10,0,2,3,2.0,3.05,2021.0,7.0
311,53.0,1,31,4,10,0,1,3,2.0,-9.033333333333333,2020.0,9.0
312,46.0,0,6,3,13,0,0,0,2.0,2.0,2020.0,7.0
313,46.0,0,27,4,1,0,3,1,1.0,1.2666666666666666,2020.0,6.0
315,30.0,0,16,1,9,0,1,1,2.0,-0.2833333333333333,2021.0,1.0
318,18.0,1,3,4,2,0,2,0,4.0,-7.65,2020.0,5.0
321,27.0,2,28,1,15,0,3,1,4.0,-7.633333333333334,2021.0,8.0
323,70.0,1,8,3,1,0,0,3,3.0,-6.866666666666666,2021.0,11.0
326,52.0,0,26,3,6,0,2,2,4.0,10.783333333333333,2020.0,1.0
330,45.0,0,16,3,12,0,3,0,5.0,5.516666666666667,2021.0,10.0
333,21.0,1,13,4,4,0,3,3,2.0,1.75,2020.0,4.0
334,41.0,2,31,4,7,0,3,2,2.0,-10.883333333333333,2021.0,2.0
339,45.0,1,41,4,11,0,0,3,3.0,7.966666666666667,2021.0,2.0
340,33.0,1,34,2,3,0,2,1,1.0,-4.633333333333334,2020.0,2.0
343,21.0,1,38,1,2,0,2,0,5.0,5.516666666666667,2021.0,1.0
345,52.0,2,19,4,8,0,1,2,3.0,12.016666666666667,2021.0,5.0
346,54.0,1,14,4,9,0,1,3,5.0,-8.716666666666667,2021.0,4.0
350,28.0,0,20,0,1,0,0,1,3.0,17.916666666666668,2020.0,7.0
351,70.0,2,14,1,11,0,0,3,2.0,9.7,2021.0,10.0
353,47.0,1,7,3,7,0,1,1,2.0,-5.466666666666667,2020.0,12.0
354,52.0,1,28,1,14,0,0,0,4.0,-14.416666666666666,2021.0,12.0
357,38.0,1,41,4,2,0,1,0,2.0,19.616666666666667,2021.0,10.0
361,42.0,1,31,1,8,0,3,1,5.0,2.3333333333333335,2020.0,2.0
362,50.0,2,6,2,11,0,3,0,4.0,2.1166666666666667,2020.0,12.0
365,33.0,1,15,1,9,0,1,0,1.0,5.116666666666666,2021.0,9.0
366,22.0,1,6,0,10,0,3,3,3.0,-4.266666666666667,2020.0,2.0
371,24.0,1,34,3,0,0,3,1,2.0,-14.766666666666667,2020.0,10.0
372,39.0,2,2,1,1,0,3,1,1.0,0.65,2021.0,2.0
373,32.0,1,15,3,1,0,3,3,5.0,6.266666666666667,2021.0,11.0
374,24.0,2,16,4,2,0,0,2,1.0,0.8333333333333334,2021.0,6.0
376,30.0,0,23,2,14,0,2,2,1.0,0.35,2021.0,8.0
379,42.0,2,30,3,3,0,3,1,4.0,-20.216666666666665,2020.0,7.0
381,37.0,0,16,2,10,0,2,1,5.0,6.016666666666667,2020.0,5.0
382,62.0,1,38,2,14,0,1,1,4.0,-2.716666666666667,2021.0,9.0
384,37.0,2,37,3,5,0,1,3,3.0,4.683333333333334,2020.0,12.0
386,49.0,0,17,4,15,0,3,0,4.0,-4.283333333333333,2020.0,10.0
387,52.0,1,41,1,6,0,0,1,2.0,-18.066666666666666,2021.0,7.0
388,22.0,0,0,0,3,0,1,0,4.0,1.1833333333333333,2020.0,12.0
391,19.0,2,7,4,5,0,1,2,4.0,12.45,2021.0,7.0
395,43.0,0,26,2,14,0,0,0,1.0,-4.183333333333334,2020.0,2.0
396,21.0,0,15,4,4,0,2,2,2.0,10.6,2020.0,12.0
403,51.0,0,37,1,2,0,3,3,3.0,-1.5333333333333334,2021.0,6.0
404,67.0,2,17,0,7,0,2,2,1.0,-4.133333333333334,2021.0,11.0
405,69.0,1,4,1,1,0,0,3,2.0,4.433333333333334,2021.0,8.0
409,49.0,0,11,2,11,0,0,1,2.0,-14.25,2020.0,3.0
412,19.0,1,2,3,6,0,2,2,4.0,1.8666666666666667,2021.0,5.0
419,47.0,0,14,4,15,0,2,0,2.0,22.35,2020.0,6.0
429,35.0,1,32,3,6,0,1,2,3.0,-10.75,2020.0,4.0
430,64.0,1,37,3,3,0,2,0,1.0,1.2833333333333334,2021.0,2.0
438,69.0,0,9,1,13,0,0,3,4.0,6.116666666666666,2021.0,4.0
439,57.0,2,24,2,4,0,3,3,2.0,-0.16666666666666666,2021.0,5.0
440,55.0,2,20,1,8,0,2,1,2.0,-0.4,2021.0,10.0
442,39.0,1,2,4,3,0,3,0,2.0,-12.8,2020.0,5.0
444,36.0,1,8,3,4,0,3,2,3.0,6.816666666666666,2021.0,4.0
445,56.0,0,17,4,5,0,3,2,1.0,-2.65,2020.0,11.0
450,47.0,2,8,3,15,0,0,0,1.0,-15.2,2020.0,2.0
454,21.0,0,29,0,0,0,1,3,1.0,-15.916666666666666,2021.0,4.0
456,28.0,1,13,3,2,0,2,3,5.0,2.4,2021.0,3.0
459,58.0,1,1,3,4,0,2,1,5.0,-9.833333333333334,2020.0,7.0
460,40.0,0,33,2,9,0,2,1,1.0,-0.48333333333333334,2021.0,2.0
462,52.0,2,17,0,4,0,0,1,3.0,14.233333333333333,2020.0,9.0
464,51.0,2,9,2,2,0,3,3,2.0,2.5166666666666666,2020.0,7.0
468,19.0,0,27,0,4,0,0,0,5.0,-6.133333333333334,2020.0,4.0
469,38.0,0,15,1,8,0,2,1,2.0,-5.716666666666667,2020.0,9.0
471,65.0,2,30,3,3,0,0,2,3.0,-7.266666666666667,2021.0,4.0
473,42.0,0,36,1,14,0,3,2,4.0,-2.3666666666666667,2021.0,6.0
475,60.0,2,8,2,0,0,2,3,1.0,-9.466666666666667,2021.0,12.0
484,37.0,2,2,4,13,0,2,2,5.0,-21.216666666666665,2020.0,9.0
485,70.0,0,8,4,3,0,0,0,5.0,-10.916666666666666,2021.0,7.0
486,33.0,0,11,2,11,0,3,2,5.0,11.75,2021.0,6.0
493,66.0,1,5,0,0,0,0,0,4.0,-9.916666666666666,2020.0,3.0
496,33.0,2,12,4,0,0,2,3,1.0,15.366666666666667,2021.0,12.0
497,66.0,2,38,4,7,0,3,2,1.0,6.216666666666667,2020.0,11.0
501,66.0,2,14,1,11,0,1,0,5.0,8.516666666666667,2020.0,8.0
502,59.0,0,8,0,6,0,0,2,2.0,0.23333333333333334,2021.0,5.0
504,43.0,0,39,4,2,0,3,2,3.0,3.433333333333333,2021.0,8.0
510,40.0,1,4,2,11,0,1,0,5.0,7.233333333333333,2021.0,12.0
512,43.0,2,9,2,1,0,2,2,2.0,5.433333333333334,2021.0,9.0
515,62.0,2,1,4,4,0,0,0,1.0,-2.8666666666666667,2021.0,2.0
516,54.0,1,16,4,12,0,3,2,2.0,-2.1,2021.0,4.0
517,55.0,1,11,0,15,0,0,2,4.0,9.466666666666667,2020.0,3.0
519,21.0,0,28,2,0,0,0,0,3.0,7.0,2021.0,1.0
525,38.0,2,29,3,1,0,2,1,3.0,-9.966666666666667,2020.0,10.0
526,30.0,1,25,3,13,0,3,0,1.0,-13.816666666666666,2020.0,12.0
527,52.0,0,6,3,5,0,0,3,1.0,18.766666666666666,2021.0,6.0
535,48.0,2,37,4,0,0,3,2,2.0,-4.55,2020.0,11.0
537,32.0,0,27,4,10,0,3,2,3.0,4.066666666666666,2021.0,9.0
540,27.0,2,0,1,2,0,3,0,3.0,10.433333333333334,2021.0,4.0
544,18.0,1,33,3,5,0,2,1,2.0,18.733333333333334,2021.0,8.0
556,44.0,1,18,0,7,0,0,1,5.0,-8.683333333333334,2021.0,10.0
559,42.0,1,29,2,10,0,0,0,3.0,2.9166666666666665,2020.0,7.0
562,44.0,1,20,4,8,0,3,2,3.0,7.916666666666667,2020.0,5.0
565,20.0,0,39,1,2,0,1,2,5.0,-3.533333333333333,2020.0,10.0
568,46.0,0,9,0,10,0,1,2,1.0,-11.033333333333333,2021.0,9.0
569,44.0,0,35,2,8,0,2,3,4.0,12.2,2020.0,12.0
575,25.0,0,0,0,8,0,3,0,2.0,-4.9,2021.0,5.0
576,32.0,0,37,0,3,0,2,1,4.0,-10.1,2021.0,5.0
577,66.0,2,3,2,0,0,2,3,1.0,-17.8,2020.0,12.0
581,27.0,2,35,1,15,0,0,3,2.0,2.6,2020.0,9.0
586,24.0,1,25,3,13,0,0,0,2.0,-8.066666666666666,2020.0,4.0
588,52.0,1,20,3,12,0,3,2,2.0,10.383333333333333,2020.0,1.0
590,44.0,0,33,4,3,0,1,2,5.0,1.1833333333333333,2020.0,2.0
597,68.0,1,21,1,3,0,0,2,3.0,-1.5833333333333333,2020.0,2.0
598,37.0,1,14,4,2,0,1,2,4.0,13.783333333333333,2020.0,2.0
599,45.0,1,15,4,0,0,0,3,2.0,9.3,2021.0,7.0
601,64.0,2,8,0,7,0,2,1,4.0,8.283333333333333,2021.0,4.0
604,48.0,2,23,3,14,0,0,1,5.0,-5.283333333333333,2020.0,4.0
605,27.0,2,18,2,7,0,0,3,3.0,8.833333333333334,2021.0,11.0
612,19.0,0,24,2,8,0,3,2,4.0,-3.433333333333333,2021.0,12.0
620,59.0,0,2,4,14,0,2,1,4.0,-2.5833333333333335,2021.0,5.0
621,46.0,0,9,0,6,0,2,1,5.0,-19.5,2020.0,1.0
622,39.0,2,37,2,0,0,3,0,2.0,0.18333333333333332,2020.0,11.0
628,19.0,2,9,0,6,0,1,1,2.0,-13.066666666666666,2021.0,6.0
636,53.0,1,8,1,3,0,3,0,3.0,3.2666666666666666,2021.0,8.0
641,67.0,1,21,4,6,0,2,1,1.0,-15.083333333333334,2021.0,4.0
643,31.0,1,35,0,5,0,1,2,2.0,-16.266666666666666,2021.0,3.0
644,53.0,0,26,1,8,0,0,1,5.0,16.516666666666666,2020.0,7.0
645,67.0,1,24,3,14,0,3,3,1.0,13.933333333333334,2020.0,3.0
649,52.0,0,33,3,2,0,3,2,3.0,12.116666666666667,2020.0,3.0
655,43.0,2,28,3,15,0,1,1,1.0,6.533333333333333,2020.0,12.0
657,55.0,0,38,3,12,0,0,1,1.0,18.383333333333333,2021.0,4.0
658,57.0,2,31,4,2,0,1,3,2.0,15.516666666666667,2021.0,7.0
663,26.0,0,1,0,3,0,1,3,4.0,1.8333333333333333,2021.0,12.0
665,39.0,0,39,2,13,0,2,3,3.0,-11.283333333333333,2020.0,9.0
666,64.0,0,40,1,7,0,3,3,2.0,-7.766666666666667,2020.0,10.0
671,63.0,2,39,2,4,0,3,2,5.0,-9.133333333333333,2020.0,9.0
674,28.0,0,30,2,15,0,3,1,1.0,13.233333333333333,2021.0,8.0
679,20.0,2,14,1,14,0,3,3,3.0,-8.95,2021.0,12.0
680,53.0,1,29,4,5,0,0,2,5.0,6.766666666666667,2021.0,1.0
684,68.0,2,38,2,13,0,0,1,3.0,-12.566666666666666,2020.0,1.0
685,39.0,2,9,4,3,0,0,0,3.0,1.1166666666666667,2020.0,5.0
689,28.0,0,37,2,10,0,3,2,2.0,-6.3,2021.0,1.0
691,68.0,2,8,0,5,0,3,1,4.0,-19.9,2020.0,1.0
692,41.0,2,9,2,15,0,1,3,1.0,-8.433333333333334,2020.0,11.0
698,22.0,1,6,0,14,0,0,3,5.0,-9.216666666666667,2020.0,4.0
700,22.0,0,5,1,10,0,3,1,1.0,-19.816666666666666,2020.0,3.0
702,63.0,2,39,4,4,0,0,0,5.0,-1.4833333333333334,2021.0,7.0
704,37.0,2,12,2,14,0,1,0,2.0,-14.75,2020.0,10.0
705,69.0,1,10,3,6,0,1,0,3.0,11.916666666666666,2020.0,4.0
708,58.0,1,28,1,9,0,0,1,5.0,-1.2,2021.0,10.0
712,26.0,2,13,4,4,0,1,2,2.0,18.55,2020.0,12.0
713,70.0,2,22,2,12,0,1,1,1.0,8.016666666666667,2021.0,9.0
715,37.0,0,24,3,3,0,0,0,5.0,-10.383333333333333,2021.0,5.0
718,30.0,0,31,4,10,0,2,2,2.0,-8.816666666666666,2020.0,11.0
721,68.0,2,0,0,7,0,0,2,1.0,2.0166666666666666,2020.0,12.0
723,50.0,1,10,4,1,0,3,1,1.0,18.383333333333333,2020.0,9.0
729,29.0,2,22,1,4,0,1,3,2.0,14.166666666666666,2021.0,3.0
730,50.0,0,15,4,6,0,2,0,4.0,2.5,2020.0,5.0
734,49.0,2,31,1,10,0,3,0,4.0,5.116666666666666,2021.0,7.0
735,62.0,0,6,4,12,0,0,0,2.0,-6.416666666666667,2020.0,2.0
736,36.0,1,17,1,6,0,1,0,1.0,-8.466666666666667,2020.0,2.0
741,45.0,1,39,4,10,0,0,1,1.0,2.25,2020.0,6.0
744,67.0,1,17,1,14,0,0,1,4.0,3.933333333333333,2020.0,8.0
747,37.0,1,31,4,10,0,1,2,3.0,-11.683333333333334,2020.0,2.0
749,47.0,2,27,4,8,0,0,1,2.0,17.916666666666668,2021.0,2.0
753,51.0,2,40,1,11,0,0,2,5.0,-14.6,2021.0,6.0
755,37.0,0,34,2,9,0,3,2,4.0,9.75,2020.0,6.0
756,26.0,2,32,3,7,0,1,0,2.0,20.666666666666668,2020.0,10.0
761,47.0,0,36,4,13,0,0,3,1.0,-4.033333333333333,2021.0,7.0
764,25.0,0,38,2,2,0,3,3,5.0,1.5666666666666667,2020.0,5.0
765,37.0,0,21,0,12,0,3,1,1.0,7.833333333333333,2021.0,8.0
766,22.0,2,41,3,9,0,0,0,5.0,10.3,2020.0,9.0
770,29.0,0,10,2,6,0,1,0,4.0,10.366666666666667,2020.0,7.0
773,49.0,1,41,1,0,0,3,0,5.0,6.55,2020.0,6.0
777,27.0,0,8,1,11,0,0,0,5.0,16.566666666666666,2020.0,6.0
781,19.0,0,38,3,5,0,2,2,4.0,14.966666666666667,2020.0,9.0
787,35.0,2,7,3,12,0,0,2,1.0,0.3,2020.0,8.0
791,30.0,2,20,2,12,0,1,2,4.0,-8.716666666666667,2021.0,1.0
792,21.0,0,13,1,15,0,0,1,3.0,13.183333333333334,2020.0,4.0
796,46.0,1,34,3,12,0,0,0,1.0,0.8166666666666667,2021.0,9.0
799,57.0,1,18,2,10,0,1,3,3.0,-4.25,2021.0,9.0
807,28.0,0,37,4,10,0,1,1,2.0,15.533333333333333,2020.0,2.0
810,41.0,0,29,3,13,0,3,3,4.0,13.183333333333334,2020.0,2.0
816,27.0,2,31,2,6,0,2,3,4.0,21.133333333333333,2021.0,4.0
819,23.0,0,21,3,12,0,1,2,3.0,15.9,2020.0,12.0
822,29.0,0,23,1,6,0,0,3,3.0,1.75,2021.0,7.0
828,19.0,0,14,2,15,0,2,1,4.0,-16.933333333333334,2021.0,4.0
835,21.0,1,16,3,6,0,0,0,4.0,-9.666666666666666,2021.0,2.0
839,27.0,0,8,1,8,0,3,2,3.0,-5.966666666666667,2021.0,5.0
841,70.0,2,31,2,11,0,0,2,5.0,0.85,2021.0,2.0
847,49.0,0,5,0,11,0,1,2,4.0,2.9,2020.0,1.0
851,53.0,0,13,3,5,0,2,1,1.0,2.533333333333333,2020.0,1.0
853,29.0,0,37,3,5,0,3,1,5.0,3.2333333333333334,2021.0,10.0
855,69.0,0,28,0,1,0,1,3,3.0,-17.316666666666666,2020.0,11.0
856,67.0,0,41,0,7,0,1,3,2.0,2.5166666666666666,2021.0,11.0
858,52.0,2,34,2,9,0,3,2,5.0,-7.6,2020.0,9.0
862,25.0,2,16,3,5,0,3,3,3.0,8.883333333333333,2020.0,1.0
863,23.0,2,28,3,0,0,2,1,2.0,11.333333333333334,2021.0,1.0
864,26.0,0,9,4,11,0,3,0,1.0,-17.616666666666667,2021.0,10.0
866,30.0,0,4,1,14,0,1,2,5.0,12.183333333333334,2020.0,3.0
867,33.0,1,8,3,6,0,0,0,3.0,3.783333333333333,2020.0,5.0
876,48.0,0,6,1,12,0,3,2,3.0,4.116666666666666,2021.0,2.0
877,45.0,2,0,4,9,0,1,2,5.0,-0.9666666666666667,2021.0,1.0
881,19.0,0,3,0,3,0,1,0,2.0,-12.166666666666666,2020.0,12.0
884,21.0,1,37,2,12,0,0,1,4.0,1.7333333333333334,2020.0,9.0
888,18.0,0,7,0,10,0,0,2,5.0,-7.383333333333334,2021.0,11.0
890,37.0,0,39,4,13,0,2,3,2.0,-8.65,2021.0,3.0
893,33.0,0,22,4,15,0,3,2,4.0,13.833333333333334,2020.0,10.0
895,35.0,2,26,3,13,0,0,2,2.0,2.933333333333333,2020.0,3.0
896,69.0,0,39,0,2,0,2,3,5.0,-1.7666666666666666,2020.0,12.0
897,30.0,2,17,1,3,0,1,0,5.0,-15.083333333333334,2021.0,9.0
898,32.0,1,6,4,8,0,2,2,4.0,0.6333333333333333,2021.0,10.0
904,29.0,0,28,0,0,0,0,0,3.0,1.4333333333333333,2021.0,10.0
908,54.0,1,7,1,6,0,0,2,2.0,-1.7833333333333334,2020.0,5.0
912,25.0,0,14,3,8,0,0,3,2.0,3.433333333333333,2021.0,4.0
914,29.0,2,28,2,1,0,1,3,4.0,-2.7666666666666666,2020.0,1.0
918,34.0,0,14,1,5,0,3,0,2.0,9.716666666666667,2020.0,11.0
920,48.0,0,4,4,10,0,1,1,4.0,4.65,2020.0,3.0
923,43.0,1,4,2,4,0,1,3,3.0,-20.033333333333335,2020.0,4.0
927,47.0,0,5,0,9,0,1,0,4.0,8.233333333333333,2020.0,8.0
930,46.0,0,35,0,6,0,0,2,1.0,-4.583333333333333,2020.0,4.0
934,60.0,1,20,4,6,0,3,2,1.0,12.383333333333333,2021.0,2.0
938,58.0,1,32,2,11,0,1,2,5.0,-2.85,2020.0,2.0
939,53.0,0,26,4,10,0,0,3,3.0,8.8,2021.0,4.0
940,41.0,1,17,1,4,0,3,0,2.0,-10.5,2020.0,12.0
945,63.0,1,32,1,0,0,2,1,5.0,3.4166666666666665,2020.0,3.0
950,50.0,2,28,4,9,0,3,1,4.0,-9.883333333333333,2021.0,2.0
951,64.0,2,26,1,8,0,3,0,3.0,7.466666666666667,2021.0,8.0
954,24.0,2,0,2,5,0,3,2,5.0,-8.866666666666667,2021.0,3.0
955,30.0,0,20,1,12,0,2,0,3.0,-10.9,2020.0,9.0
956,20.0,0,7,1,6,0,0,2,5.0,3.1333333333333333,2020.0,12.0
957,64.0,2,39,2,8,0,3,3,1.0,7.5,2021.0,3.0
960,65.0,2,4,2,1,0,3,1,1.0,-1.75,2020.0,11.0
964,33.0,0,4,1,6,0,2,1,5.0,7.75,2021.0,8.0
965,36.0,2,7,0,1,0,1,0,5.0,7.45,2020.0,6.0
974,66.0,2,41,0,9,0,2,3,3.0,-8.616666666666667,2021.0,4.0
981,36.0,0,36,4,4,0,3,1,3.0,-9.316666666666666,2020.0,11.0
987,21.0,1,25,4,11,0,0,3,4.0,6.666666666666667,2021.0,5.0
994,57.0,2,41,0,5,0,0,3,1.0,2.283333333333333,2021.0,5.0
998,43.0,1,3,0,9,0,3,2,4.0,4.416666666666667,2021.0,2.0
1000,68.0,1,15,0,0,0,1,0,5.0,4.616666666666666,2020.0,5.0
1005,67.0,2,6,3,14,0,3,0,3.0,-3.3666666666666667,2020.0,9.0
1007,20.0,1,2,0,8,0,0,1,4.0,4.466666666666667,2021.0,1.0
1009,62.0,1,41,3,14,0,3,3,3.0,-11.866666666666667,2021.0,11.0
1010,51.0,2,33,0,11,0,1,3,2.0,-5.466666666666667,2020.0,2.0
1011,38.0,1,25,3,7,0,2,0,5.0,-4.983333333333333,2020.0,7.0
1013,64.0,2,26,3,9,0,1,1,4.0,-1.05,2021.0,7.0
1016,59.0,2,35,2,0,0,0,2,1.0,15.783333333333333,2021.0,11.0
1018,48.0,2,13,1,14,0,3,0,2.0,-3.85,2020.0,6.0
1020,39.0,2,6,1,6,0,0,2,2.0,7.25,2020.0,9.0
1022,29.0,2,41,2,8,0,0,2,5.0,4.85,2021.0,1.0
1030,60.0,2,26,1,5,0,0,2,1.0,10.8,2021.0,5.0
1031,67.0,0,39,4,9,0,3,2,1.0,17.366666666666667,2020.0,6.0
1033,44.0,0,38,3,7,0,3,1,5.0,1.35,2021.0,4.0
1035,31.0,0,7,4,15,0,2,2,4.0,-7.033333333333333,2020.0,9.0
1038,47.0,2,29,4,4,0,2,0,5.0,14.316666666666666,2020.0,11.0
1040,56.0,0,6,0,1,0,1,0,2.0,2.533333333333333,2020.0,4.0
1041,69.0,0,15,3,4,0,3,0,1.0,2.283333333333333,2021.0,4.0
1043,64.0,1,21,2,12,0,1,0,4.0,-2.3333333333333335,2020.0,7.0
1046,53.0,1,29,2,4,0,1,1,2.0,-6.383333333333334,2021.0,3.0
1048,42.0,1,26,2,11,0,1,0,4.0,2.466666666666667,2021.0,10.0
1049,57.0,2,24,3,2,0,0,3,2.0,-8.983333333333333,2021.0,3.0
1061,52.0,0,27,2,5,0,1,2,3.0,-17.35,2021.0,5.0
1063,64.0,2,30,2,8,0,3,2,4.0,1.05,2021.0,10.0
1064,66.0,1,38,2,8,0,3,2,2.0,-5.383333333333334,2020.0,4.0
1068,67.0,0,16,3,5,0,2,0,5.0,14.983333333333333,2021.0,1.0
1069,49.0,1,23,3,15,0,2,1,4.0,14.616666666666667,2020.0,6.0
1070,41.0,0,36,1,2,0,3,3,4.0,6.883333333333334,2021.0,5.0
1072,52.0,1,27,1,12,0,2,0,5.0,2.683333333333333,2020.0,11.0
1073,34.0,2,25,3,11,0,3,0,1.0,-1.65,2021.0,12.0
1074,20.0,2,2,1,3,0,3,0,2.0,-0.7166666666666667,2021.0,11.0
1090,40.0,0,22,0,5,0,2,3,3.0,8.25,2020.0,6.0
1092,44.0,0,33,0,2,0,2,2,3.0,-18.766666666666666,2020.0,7.0
1095,37.0,2,20,3,10,0,2,3,2.0,3.1666666666666665,2021.0,11.0
1102,67.0,0,41,1,15,0,0,0,4.0,3.3833333333333333,2021.0,12.0
1105,19.0,2,32,2,1,0,0,3,5.0,-8.616666666666667,2020.0,8.0
1110,36.0,1,28,1,0,0,2,1,1.0,18.9,2020.0,6.0
1111,41.0,2,17,2,6,0,2,1,4.0,-10.516666666666667,2021.0,5.0
1114,25.0,0,11,2,9,0,0,3,4.0,8.983333333333333,2020.0,12.0
1118,33.0,0,17,4,14,0,0,3,5.0,3.0166666666666666,2020.0,12.0
1125,21.0,0,8,3,15,0,1,3,5.0,-2.15,2021.0,10.0
1127,23.0,2,31,4,13,0,1,3,4.0,-7.966666666666667,2021.0,3.0
1130,62.0,2,10,3,1,0,3,3,1.0,-2.35,2021.0,2.0
1136,36.0,1,21,4,15,0,3,3,2.0,-2.6666666666666665,2020.0,6.0
1143,43.0,0,40,4,4,0,0,2,2.0,4.766666666666667,2020.0,4.0
1146,43.0,2,25,2,9,0,1,3,4.0,4.55,2020.0,12.0
1151,49.0,2,36,0,8,0,1,2,2.0,3.1,2021.0,3.0
1154,21.0,1,7,3,13,0,1,3,2.0,19.916666666666668,2020.0,6.0
1158,21.0,1,14,0,8,0,2,3,2.0,-6.083333333333333,2021.0,4.0
1165,18.0,0,40,3,6,0,0,2,5.0,-11.35,2020.0,5.0
1166,53.0,0,22,4,5,0,3,0,5.0,9.066666666666666,2020.0,9.0
1167,25.0,2,37,1,12,0,3,2,5.0,-10.533333333333333,2021.0,4.0
1169,68.0,0,13,2,3,0,3,1,4.0,-4.3,2020.0,4.0
1172,66.0,0,1,4,8,0,1,1,2.0,4.133333333333334,2020.0,6.0
1175,25.0,1,15,1,12,0,1,2,1.0,5.633333333333334,2020.0,4.0
1178,39.0,1,30,1,8,0,2,0,4.0,10.183333333333334,2020.0,6.0
1183,42.0,1,38,0,13,0,3,0,2.0,-17.733333333333334,2021.0,2.0
1184,38.0,1,25,4,13,0,1,0,5.0,1.4,2021.0,3.0
1186,54.0,0,40,0,5,0,1,0,4.0,-1.0666666666666667,2021.0,2.0
1188,54.0,0,38,4,8,0,3,1,5.0,-1.0666666666666667,2020.0,12.0
1189,21.0,1,9,3,12,0,0,1,3.0,-1.9833333333333334,2020.0,6.0
1190,49.0,0,5,1,0,0,3,0,5.0,6.016666666666667,2020.0,6.0
1191,38.0,1,16,4,7,0,2,2,2.0,9.333333333333334,2020.0,12.0
1194,35.0,0,41,1,9,0,0,3,4.0,-10.85,2020.0,8.0
1199,54.0,2,11,3,5,0,2,3,5.0,-18.75,2021.0,12.0
1206,27.0,0,12,3,4,0,2,2,5.0,9.966666666666667,2021.0,1.0
1208,52.0,0,21,0,7,0,3,1,5.0,1.55,2020.0,8.0
1209,31.0,2,2,2,9,0,3,2,3.0,1.5,2020.0,7.0
1213,65.0,1,16,0,7,0,1,0,4.0,4.783333333333333,2021.0,9.0
1217,24.0,2,22,3,11,0,0,1,5.0,19.4,2021.0,3.0
1218,30.0,0,41,1,9,0,3,0,5.0,-18.433333333333334,2020.0,9.0
1224,58.0,2,3,0,15,0,2,1,5.0,-5.2,2020.0,9.0
1229,58.0,2,37,1,6,0,0,1,4.0,-2.45,2021.0,7.0
1232,66.0,2,0,1,3,0,0,3,1.0,-8.783333333333333,2020.0,1.0
1240,19.0,2,7,1,8,0,0,1,1.0,20.666666666666668,2020.0,2.0
1243,50.0,0,19,0,1,0,2,2,5.0,-13.916666666666666,2020.0,7.0
1248,38.0,0,30,3,3,0,1,3,1.0,-20.883333333333333,2021.0,8.0
1250,40.0,1,22,0,12,0,1,2,3.0,-4.666666666666667,2021.0,2.0
1256,38.0,2,16,4,7,0,1,3,2.0,19.45,2020.0,10.0
1257,56.0,2,18,3,0,0,3,1,5.0,-0.6833333333333333,2021.0,12.0
1265,35.0,1,37,4,7,0,2,1,5.0,-12.4,2021.0,1.0
1266,62.0,0,26,0,8,0,0,3,5.0,4.2,2021.0,8.0
1267,27.0,2,11,4,8,0,2,0,5.0,-4.483333333333333,2021.0,7.0
1270,62.0,0,9,0,2,0,1,2,4.0,9.866666666666667,2020.0,12.0
1272,47.0,1,22,1,5,0,0,0,1.0,-1.4166666666666667,2020.0,7.0
1277,25.0,1,13,0,3,0,0,3,2.0,-2.05,2020.0,11.0
1278,29.0,0,5,2,4,0,0,1,1.0,4.833333333333333,2020.0,11.0
1279,48.0,0,20,0,11,0,3,1,4.0,10.516666666666667,2021.0,12.0
1281,53.0,2,10,3,1,0,3,1,1.0,9.6,2021.0,7.0
1283,48.0,0,17,2,11,0,0,2,1.0,6.133333333333334,2021.0,5.0
1294,50.0,2,10,1,6,0,0,0,2.0,-20.416666666666668,2020.0,6.0
1296,21.0,1,25,1,10,0,3,1,5.0,2.0166666666666666,2021.0,11.0
1297,66.0,1,1,0,15,0,2,3,2.0,2.1333333333333333,2020.0,2.0
1299,63.0,0,23,0,8,0,1,2,4.0,-3.55,2020.0,3.0
1301,63.0,1,35,3,13,0,2,3,2.0,6.466666666666667,2020.0,1.0
1306,66.0,0,20,1,10,0,1,2,4.0,4.816666666666666,2020.0,7.0
1307,63.0,2,24,3,5,0,0,0,3.0,-5.883333333333334,2020.0,1.0
1310,59.0,1,25,0,9,0,3,1,5.0,-8.5,2021.0,7.0
1311,56.0,2,6,2,12,0,0,3,4.0,-13.5,2020.0,3.0
1312,65.0,0,36,3,15,0,3,3,1.0,2.0166666666666666,2021.0,2.0
1314,28.0,0,34,1,15,0,0,3,3.0,-17.816666666666666,2021.0,10.0
1316,67.0,1,21,3,8,0,1,2,5.0,-15.533333333333333,2021.0,4.0
1317,40.0,0,8,3,3,0,3,0,1.0,-3.6,2020.0,12.0
1320,34.0,0,30,4,8,0,2,0,1.0,-7.816666666666666,2021.0,6.0
1329,55.0,2,8,4,1,0,3,0,2.0,-1.9,2020.0,4.0
1330,38.0,0,27,2,1,0,3,2,3.0,-0.8333333333333334,2020.0,6.0
1332,38.0,1,5,4,8,0,2,2,3.0,-5.383333333333334,2020.0,1.0
1333,69.0,0,38,2,1,0,2,2,5.0,17.066666666666666,2021.0,2.0
1334,70.0,1,14,0,2,0,1,0,5.0,-10.216666666666667,2020.0,9.0
1336,31.0,1,41,0,14,0,2,1,5.0,-1.25,2020.0,2.0
1337,33.0,0,14,0,9,0,0,2,5.0,-5.3,2021.0,3.0
1340,45.0,0,25,3,3,0,0,1,5.0,-4.783333333333333,2020.0,8.0
1342,20.0,1,15,2,8,0,2,3,2.0,9.133333333333333,2021.0,9.0
1344,51.0,0,35,0,8,0,0,0,2.0,-8.5,2020.0,10.0
1347,64.0,0,9,3,11,0,1,0,4.0,-5.1,2020.0,4.0
1351,46.0,0,18,4,13,0,1,3,1.0,-10.766666666666667,2020.0,1.0
1352,18.0,1,21,3,2,0,0,3,4.0,-13.15,2021.0,2.0
1354,69.0,1,32,4,9,0,2,2,5.0,-13.7,2021.0,1.0
1355,46.0,0,41,0,11,0,1,0,3.0,2.55,2020.0,2.0
1356,58.0,2,25,3,10,0,1,2,1.0,7.016666666666667,2021.0,7.0
1357,45.0,1,34,4,4,0,2,0,2.0,15.233333333333333,2020.0,6.0
1358,36.0,1,24,0,1,0,1,0,3.0,15.483333333333333,2021.0,9.0
1362,51.0,1,0,1,11,0,3,2,3.0,5.45,2021.0,7.0
1371,46.0,1,5,4,3,0,0,3,5.0,-3.3666666666666667,2021.0,6.0
1373,30.0,0,32,3,11,0,2,0,1.0,-21.233333333333334,2020.0,5.0
1374,46.0,1,17,0,2,0,3,3,3.0,-0.18333333333333332,2020.0,2.0
1378,36.0,1,16,2,9,0,1,1,3.0,12.233333333333333,2020.0,5.0
1379,49.0,0,16,1,5,0,1,1,1.0,-8.35,2021.0,4.0
1383,65.0,0,36,2,8,0,0,1,5.0,8.3,2020.0,5.0
1384,31.0,1,29,4,0,0,2,3,2.0,0.95,2020.0,11.0
1391,45.0,2,34,4,9,0,1,3,1.0,15.466666666666667,2020.0,2.0
1396,36.0,1,14,0,1,0,2,2,2.0,-23.233333333333334,2020.0,7.0
1398,66.0,1,2,0,11,0,2,2,4.0,-3.7333333333333334,2020.0,7.0
1400,52.0,0,29,3,1,0,3,2,2.0,6.0,2020.0,11.0
1406,61.0,2,32,0,7,0,3,1,4.0,-7.016666666666667,2020.0,9.0
1412,32.0,2,28,0,6,0,0,2,5.0,5.4,2020.0,1.0
1417,67.0,0,27,4,4,0,3,1,1.0,-16.933333333333334,2021.0,12.0
1418,59.0,1,27,1,8,0,1,1,5.0,-6.65,2020.0,2.0
1427,67.0,2,3,4,6,0,0,3,3.0,-9.116666666666667,2020.0,10.0
1428,58.0,2,32,4,8,0,1,1,5.0,-2.0,2020.0,12.0
1433,30.0,2,41,0,4,0,2,2,2.0,-3.2,2020.0,4.0
1434,33.0,2,7,3,12,0,2,1,1.0,-4.933333333333334,2020.0,10.0
1435,46.0,1,28,0,4,0,3,1,5.0,1.8,2020.0,4.0
1444,29.0,1,18,4,12,0,0,0,3.0,3.0,2020.0,9.0
1445,63.0,1,21,3,4,0,2,3,3.0,8.9,2020.0,11.0
1451,69.0,1,8,1,9,0,1,1,2.0,-5.7,2021.0,8.0
1453,35.0,2,11,1,13,0,0,3,4.0,-3.716666666666667,2021.0,2.0
1457,34.0,2,11,0,7,0,1,3,5.0,5.833333333333333,2020.0,4.0
1458,29.0,0,21,3,14,0,2,2,2.0,8.016666666666667,2020.0,9.0
1466,34.0,1,18,3,9,0,3,3,5.0,16.65,2020.0,7.0
1468,34.0,2,33,2,9,0,3,2,5.0,-1.65,2021.0,8.0
1469,56.0,0,6,4,13,0,0,3,4.0,4.05,2020.0,12.0
1481,34.0,0,11,1,13,0,3,0,4.0,8.316666666666666,2020.0,10.0
1482,28.0,2,21,1,7,0,3,1,4.0,3.3333333333333335,2021.0,4.0
1484,33.0,0,17,3,13,0,0,1,2.0,3.4,2021.0,5.0
1487,30.0,1,3,1,10,0,1,2,3.0,-11.033333333333333,2020.0,3.0
1488,50.0,0,38,2,11,0,2,2,4.0,-6.483333333333333,2020.0,6.0
1490,49.0,0,0,4,13,0,2,0,3.0,0.9833333333333333,2021.0,5.0
1491,58.0,0,23,3,0,0,1,2,1.0,-2.6,2020.0,9.0
1492,49.0,2,32,2,12,0,0,1,5.0,3.3833333333333333,2020.0,1.0
1493,34.0,0,16,3,4,0,3,2,3.0,2.25,2020.0,7.0
1494,55.0,2,10,0,13,0,2,3,4.0,9.466666666666667,2020.0,2.0
1496,58.0,2,37,1,1,0,2,0,5.0,-0.11666666666666667,2021.0,12.0
1499,59.0,0,5,2,11,0,1,1,2.0,-1.55,2020.0,10.0
1504,57.0,1,2,4,4,0,1,0,2.0,0.16666666666666666,2020.0,1.0
1514,39.0,1,9,1,1,0,2,1,3.0,-14.216666666666667,2021.0,7.0
1524,26.0,1,1,1,6,0,0,1,5.0,6.05,2020.0,10.0
1527,21.0,2,24,2,8,0,1,1,4.0,7.116666666666666,2020.0,8.0
1528,23.0,1,1,3,6,0,2,3,5.0,-4.333333333333333,2020.0,7.0
1529,70.0,2,39,3,15,0,1,0,1.0,15.216666666666667,2021.0,9.0
1530,36.0,0,13,4,10,0,2,2,1.0,10.016666666666667,2021.0,3.0
1533,68.0,0,17,3,14,0,2,1,4.0,4.166666666666667,2021.0,3.0
1536,66.0,1,6,2,12,0,3,1,4.0,5.65,2021.0,3.0
1541,50.0,1,2,4,15,0,3,2,5.0,0.18333333333333332,2020.0,6.0
1545,33.0,0,37,4,8,0,0,3,1.0,13.683333333333334,2020.0,10.0
1547,46.0,2,21,4,6,0,1,0,3.0,-2.45,2020.0,2.0
1549,54.0,1,13,2,15,0,0,3,3.0,15.716666666666667,2020.0,1.0
1554,29.0,2,27,0,7,0,1,1,2.0,-14.783333333333333,2020.0,11.0
1558,20.0,1,4,4,9,0,1,0,3.0,-2.65,2021.0,10.0
1564,64.0,0,14,2,14,0,1,3,4.0,3.0,2020.0,2.0
1569,47.0,2,16,4,6,0,0,3,1.0,-14.966666666666667,2021.0,12.0
1574,25.0,1,22,0,4,0,1,3,4.0,0.8666666666666667,2020.0,9.0
1578,38.0,0,4,4,4,0,3,1,2.0,-7.45,2021.0,5.0
1581,62.0,0,6,4,15,0,3,0,3.0,-13.833333333333334,2021.0,7.0
1583,23.0,2,11,1,12,0,2,2,4.0,-6.983333333333333,2020.0,6.0
1584,61.0,0,0,0,10,0,0,1,2.0,3.85,2021.0,4.0
1589,55.0,0,39,4,12,0,2,0,1.0,-2.216666666666667,2021.0,8.0
1590,61.0,0,29,1,11,0,2,3,5.0,-2.25,2021.0,7.0
1591,53.0,1,30,2,10,0,2,3,1.0,-6.566666666666666,2020.0,5.0
1594,56.0,1,13,3,5,0,1,1,1.0,14.233333333333333,2020.0,4.0
1596,27.0,1,7,2,15,0,3,0,5.0,17.783333333333335,2021.0,11.0
1597,31.0,1,20,4,2,0,1,1,4.0,7.45,2021.0,4.0
1599,39.0,0,8,0,4,0,1,1,3.0,-6.75,2021.0,3.0
1602,48.0,0,3,0,12,0,0,3,1.0,-16.85,2020.0,2.0
1603,34.0,1,35,4,9,0,0,3,4.0,7.566666666666666,2021.0,1.0
1604,30.0,0,30,4,1,0,2,0,5.0,1.0333333333333334,2020.0,11.0
1612,66.0,2,27,1,9,0,3,3,3.0,-9.966666666666667,2021.0,10.0
1613,56.0,0,30,3,0,0,3,3,2.0,16.283333333333335,2021.0,1.0
1614,47.0,2,2,1,14,0,0,2,1.0,1.8666666666666667,2021.0,2.0
1615,60.0,0,12,4,1,0,2,3,3.0,-14.25,2021.0,11.0
1618,20.0,0,18,3,10,0,0,2,1.0,-7.816666666666666,2020.0,10.0
1619,63.0,0,10,3,14,0,0,0,1.0,2.4833333333333334,2021.0,5.0
1623,56.0,2,38,0,10,0,2,3,5.0,12.7,2020.0,6.0
1624,52.0,0,14,1,12,0,1,2,4.0,2.4166666666666665,2020.0,2.0
1629,52.0,1,23,3,6,0,0,3,2.0,-11.55,2021.0,11.0
1630,51.0,0,18,1,8,0,0,3,4.0,9.283333333333333,2021.0,5.0
1641,36.0,2,20,3,11,0,0,2,4.0,-3.1333333333333333,2020.0,7.0
1648,46.0,1,8,0,8,0,1,0,1.0,-10.15,2021.0,4.0
1650,27.0,1,35,3,12,0,0,0,1.0,-0.6166666666666667,2021.0,12.0
1652,18.0,0,21,4,10,0,2,3,2.0,4.266666666666667,2020.0,11.0
1653,68.0,1,11,2,11,0,2,1,2.0,2.35,2020.0,4.0
1654,57.0,0,18,0,4,0,2,3,4.0,-11.583333333333334,2021.0,6.0
1656,27.0,0,14,3,2,0,1,1,4.0,4.9,2021.0,6.0
1660,55.0,0,19,2,6,0,0,1,4.0,-5.0,2020.0,4.0
1661,29.0,1,6,0,4,0,1,3,5.0,18.333333333333332,2021.0,9.0
1663,50.0,0,0,4,8,0,3,3,1.0,11.116666666666667,2021.0,9.0
1665,69.0,2,22,3,4,0,3,3,5.0,-8.533333333333333,2021.0,10.0
1669,69.0,1,41,3,7,0,3,0,4.0,4.366666666666666,2020.0,12.0
1670,45.0,1,29,1,0,0,1,3,4.0,-0.35,2021.0,9.0
1674,68.0,2,35,0,5,0,1,2,5.0,14.5,2020.0,5.0
1675,68.0,0,12,1,9,0,2,1,5.0,-15.066666666666666,2021.0,1.0
1677,63.0,0,26,3,3,0,2,2,4.0,3.9166666666666665,2020.0,5.0
1680,18.0,2,26,3,1,0,0,3,2.0,-19.366666666666667,2021.0,6.0
1686,70.0,0,1,3,11,0,2,2,3.0,-1.2333333333333334,2020.0,10.0
1687,27.0,2,21,2,13,0,3,0,2.0,-15.166666666666666,2020.0,12.0
1692,42.0,2,20,3,14,0,1,0,3.0,17.016666666666666,2021.0,9.0
1700,53.0,0,31,4,13,0,2,1,2.0,1.1666666666666667,2021.0,3.0
1701,24.0,1,37,0,2,0,3,1,5.0,9.8,2020.0,4.0
1703,54.0,0,13,3,13,0,3,0,2.0,4.216666666666667,2021.0,10.0
1704,59.0,1,3,1,9,0,3,0,4.0,7.1,2021.0,10.0
1706,21.0,1,20,0,14,0,2,1,2.0,-7.65,2020.0,7.0
1710,62.0,1,5,2,1,0,1,1,4.0,-13.366666666666667,2020.0,2.0
1711,29.0,0,11,2,6,0,1,0,2.0,-8.566666666666666,2021.0,10.0
1715,27.0,0,38,3,8,0,0,0,2.0,-9.083333333333334,2021.0,1.0
1716,20.0,0,25,3,10,0,2,2,1.0,2.683333333333333,2020.0,9.0
1718,51.0,1,25,4,13,0,3,3,3.0,-0.35,2020.0,11.0
1719,30.0,1,31,1,5,0,3,0,5.0,3.45,2021.0,5.0
1722,41.0,1,10,3,2,0,2,2,1.0,6.7,2020.0,6.0
1723,31.0,2,39,4,1,0,1,2,1.0,-14.55,2021.0,1.0
1725,36.0,0,0,3,8,0,0,3,1.0,1.7333333333333334,2021.0,8.0
1727,47.0,1,39,1,14,0,0,0,1.0,-8.9,2021.0,7.0
1732,34.0,1,36,2,14,0,1,1,2.0,-6.5,2020.0,1.0
1733,39.0,1,40,4,7,0,3,3,2.0,-2.966666666666667,2021.0,2.0
1735,25.0,0,36,4,1,0,3,0,3.0,1.2833333333333334,2021.0,4.0
1737,41.0,1,17,1,13,0,1,3,5.0,-12.15,2021.0,5.0
1742,22.0,2,40,4,7,0,1,0,3.0,1.4333333333333333,2021.0,2.0
1743,22.0,1,22,4,9,0,3,0,5.0,3.15,2021.0,7.0
1748,36.0,0,25,2,8,0,1,1,1.0,-8.15,2020.0,9.0
1753,69.0,1,25,2,3,0,0,0,5.0,-14.483333333333333,2020.0,5.0
1755,29.0,1,20,0,13,0,1,3,5.0,1.7,2020.0,5.0
1756,35.0,2,8,4,5,0,2,0,3.0,7.083333333333333,2021.0,1.0
1762,50.0,1,4,2,7,0,3,3,5.0,-4.833333333333333,2020.0,6.0
1765,40.0,0,27,3,10,0,2,0,2.0,20.75,2021.0,2.0
1766,23.0,2,32,3,0,0,1,1,5.0,-12.866666666666667,2021.0,3.0
1768,57.0,0,30,3,9,0,2,0,4.0,8.05,2020.0,12.0
1773,48.0,2,13,2,10,0,2,2,3.0,3.65,2020.0,8.0
1779,35.0,1,34,4,13,0,1,0,3.0,9.5,2020.0,6.0
1782,45.0,0,17,3,8,0,1,3,3.0,13.716666666666667,2020.0,5.0
1783,66.0,1,35,4,0,0,2,2,2.0,1.7333333333333334,2021.0,12.0
1784,63.0,1,10,4,1,0,0,1,3.0,-3.7,2021.0,8.0
1785,62.0,1,35,3,4,0,3,0,3.0,2.683333333333333,2021.0,1.0
1786,56.0,2,1,3,6,0,2,1,4.0,10.6,2021.0,8.0
1805,43.0,2,37,3,9,0,0,3,1.0,0.36666666666666664,2021.0,12.0
1806,42.0,0,39,3,4,0,2,3,1.0,-2.25,2021.0,3.0
1807,59.0,0,24,3,0,0,3,2,5.0,-1.4833333333333334,2021.0,6.0
1808,48.0,1,3,0,1,0,3,2,5.0,-3.8333333333333335,2020.0,2.0
1813,61.0,0,36,0,15,0,0,1,5.0,1.8,2021.0,12.0
1820,34.0,1,41,4,1,0,1,3,1.0,1.9,2020.0,8.0
1825,66.0,0,16,4,8,0,1,3,1.0,5.116666666666666,2020.0,1.0
1826,55.0,0,7,0,6,0,1,0,2.0,-10.683333333333334,2021.0,6.0
1828,63.0,2,1,2,4,0,0,3,2.0,-2.5166666666666666,2021.0,2.0
1836,51.0,2,20,4,0,0,0,0,4.0,4.383333333333334,2021.0,8.0
1838,28.0,1,7,0,7,0,3,1,5.0,-8.4,2020.0,1.0
1839,18.0,2,19,3,15,0,2,0,4.0,22.366666666666667,2020.0,8.0
1846,38.0,2,1,2,5,0,2,2,4.0,-9.433333333333334,2020.0,7.0
1847,27.0,1,27,4,13,0,1,0,3.0,-13.633333333333333,2021.0,12.0
1853,67.0,0,37,4,1,0,2,2,2.0,11.733333333333333,2020.0,1.0
1854,49.0,2,28,4,12,0,1,2,2.0,-6.483333333333333,2021.0,10.0
1858,45.0,0,17,4,12,0,0,3,2.0,15.2,2020.0,12.0
1862,38.0,1,11,2,6,0,3,0,5.0,-0.7,2020.0,8.0
1865,33.0,0,39,2,0,0,3,2,3.0,-5.65,2020.0,7.0
1866,36.0,0,13,4,2,0,0,0,4.0,-12.9,2020.0,3.0
1867,54.0,2,37,3,15,0,2,2,2.0,0.11666666666666667,2020.0,3.0
1876,43.0,1,38,2,6,0,2,1,4.0,2.0166666666666666,2021.0,1.0
1883,48.0,0,31,2,7,0,1,3,2.0,4.2,2021.0,11.0
1885,49.0,1,6,3,8,0,1,1,1.0,7.016666666666667,2021.0,1.0
1887,59.0,1,24,1,11,0,1,0,1.0,1.6833333333333333,2020.0,10.0
1888,33.0,2,29,1,4,0,1,0,2.0,12.05,2021.0,9.0
1896,52.0,2,22,1,7,0,3,0,3.0,-22.083333333333332,2020.0,9.0
1897,22.0,1,8,2,10,0,3,3,3.0,-1.5166666666666666,2020.0,3.0
1898,58.0,2,8,4,2,0,3,1,3.0,-15.266666666666667,2021.0,7.0
1902,35.0,0,18,1,10,0,2,2,3.0,6.583333333333333,2021.0,4.0
1903,19.0,2,36,1,6,0,3,1,3.0,8.1,2021.0,4.0
1906,34.0,1,16,3,12,0,0,0,4.0,0.11666666666666667,2021.0,4.0
1917,29.0,2,23,1,13,0,3,2,5.0,-3.3833333333333333,2020.0,7.0
1918,36.0,1,33,2,5,0,1,1,3.0,-19.5,2020.0,2.0
1919,28.0,0,28,2,1,0,0,3,5.0,15.966666666666667,2021.0,12.0
1920,22.0,1,38,0,1,0,1,0,2.0,9.583333333333334,2020.0,12.0
1922,56.0,1,13,3,8,0,0,3,1.0,-0.8666666666666667,2021.0,1.0
1926,61.0,2,9,2,9,0,1,0,1.0,-5.966666666666667,2020.0,4.0
1928,41.0,0,22,4,0,0,3,1,5.0,10.95,2020.0,1.0
1933,30.0,2,41,2,1,0,1,2,5.0,4.05,2021.0,11.0
1936,29.0,2,21,3,1,0,1,0,2.0,-0.43333333333333335,2021.0,3.0
1939,37.0,2,17,0,11,0,0,2,5.0,0.85,2020.0,10.0
1941,59.0,0,13,3,9,0,1,3,5.0,-14.733333333333333,2020.0,2.0
1945,43.0,0,10,3,0,0,1,3,2.0,-5.15,2020.0,12.0
1950,43.0,2,19,1,15,0,1,0,2.0,-2.5833333333333335,2021.0,9.0
1951,70.0,0,22,1,15,0,1,1,1.0,-14.566666666666666,2020.0,6.0
1955,61.0,2,2,0,12,0,3,2,5.0,16.716666666666665,2020.0,3.0
1957,24.0,0,8,4,15,0,3,2,1.0,3.1666666666666665,2020.0,8.0
1958,60.0,1,7,3,6,0,3,1,3.0,0.9166666666666666,2020.0,3.0
1962,31.0,0,36,0,13,0,3,0,1.0,8.366666666666667,2020.0,6.0
1966,30.0,0,6,0,0,0,3,0,4.0,-1.1666666666666667,2021.0,4.0
1968,19.0,1,1,0,14,0,0,0,2.0,-3.2,2021.0,10.0
1978,59.0,1,21,3,0,0,1,0,3.0,17.383333333333333,2021.0,4.0
1979,28.0,1,0,2,8,0,2,1,4.0,-6.933333333333334,2020.0,2.0
1981,63.0,1,29,4,4,0,2,0,1.0,12.05,2020.0,1.0
1985,39.0,0,32,4,12,0,1,1,3.0,9.266666666666667,2020.0,5.0
1992,30.0,2,38,2,5,0,2,1,2.0,-2.3333333333333335,2021.0,3.0
1994,66.0,1,33,0,4,0,3,1,1.0,1.2833333333333334,2021.0,1.0
1995,68.0,0,7,3,10,0,3,0,4.0,9.05,2020.0,1.0
1998,28.0,0,32,0,12,0,3,1,2.0,-1.3833333333333333,2020.0,8.0
2004,60.0,1,29,1,8,0,0,0,1.0,-16.716666666666665,2020.0,7.0
2008,55.0,2,4,3,14,0,0,3,3.0,15.283333333333333,2020.0,7.0
2012,39.0,1,21,1,4,0,0,3,1.0,-7.45,2021.0,8.0
2023,62.0,2,20,0,10,0,1,3,4.0,-5.733333333333333,2021.0,2.0
2031,29.0,0,37,2,2,0,0,1,4.0,0.06666666666666667,2020.0,5.0
2036,61.0,1,8,1,9,0,3,1,3.0,3.683333333333333,2021.0,4.0
2037,48.0,0,4,0,4,0,0,3,4.0,4.1,2020.0,9.0
2062,22.0,1,24,1,14,0,1,1,5.0,0.4,2020.0,3.0
2064,64.0,2,24,3,7,0,2,1,4.0,2.283333333333333,2021.0,1.0
2066,53.0,2,26,4,2,0,1,2,5.0,1.7333333333333334,2021.0,10.0
2068,63.0,2,1,3,14,0,1,0,5.0,8.383333333333333,2021.0,1.0
2072,46.0,0,17,0,15,0,1,3,4.0,-21.383333333333333,2020.0,10.0
2075,21.0,1,38,1,7,0,0,2,3.0,-1.35,2021.0,9.0
2078,58.0,2,29,4,5,0,0,3,4.0,-1.65,2020.0,6.0
2083,34.0,2,41,3,15,0,0,2,5.0,-8.45,2020.0,3.0
2086,33.0,1,29,2,12,0,1,3,4.0,17.616666666666667,2020.0,6.0
2090,60.0,2,21,3,0,0,2,3,4.0,2.783333333333333,2020.0,12.0
2092,34.0,0,25,1,7,0,3,1,5.0,-0.35,2021.0,10.0
2095,48.0,2,20,1,5,0,1,1,3.0,-9.8,2020.0,3.0
2097,45.0,1,17,3,14,0,0,2,3.0,6.416666666666667,2020.0,12.0
2098,31.0,1,40,2,7,0,3,2,3.0,-0.6333333333333333,2021.0,5.0
2101,66.0,1,1,1,14,0,3,2,5.0,0.45,2021.0,11.0
2102,18.0,0,31,0,6,0,0,1,4.0,7.183333333333334,2020.0,8.0
2104,22.0,0,21,2,15,0,3,1,2.0,9.05,2021.0,8.0
2105,27.0,2,1,4,15,0,3,2,1.0,-1.7333333333333334,2020.0,2.0
2107,46.0,0,10,3,14,0,3,3,1.0,-5.066666666666666,2021.0,2.0
2110,45.0,1,26,2,11,0,2,2,4.0,0.16666666666666666,2021.0,7.0
2116,67.0,1,13,3,10,0,2,3,3.0,5.35,2020.0,10.0
2125,38.0,0,31,4,12,0,1,3,3.0,4.516666666666667,2020.0,12.0
2128,36.0,0,22,3,10,0,2,3,2.0,-8.45,2021.0,9.0
2129,19.0,2,22,1,14,0,3,0,3.0,14.333333333333334,2021.0,8.0
2130,41.0,1,10,1,12,0,0,3,5.0,3.2333333333333334,2020.0,7.0
2132,54.0,0,15,2,13,0,0,1,1.0,-5.433333333333334,2020.0,9.0
2135,28.0,0,6,2,1,0,2,3,4.0,3.0833333333333335,2021.0,8.0
2139,38.0,2,15,1,15,0,0,2,3.0,-8.333333333333334,2020.0,1.0
2140,65.0,2,10,0,15,0,0,0,2.0,-3.966666666666667,2021.0,2.0
2143,50.0,0,9,4,1,0,0,0,5.0,0.5166666666666667,2020.0,5.0
2145,28.0,0,25,2,15,0,1,3,2.0,2.566666666666667,2020.0,10.0
2153,25.0,0,15,3,6,0,3,0,3.0,-1.1,2021.0,3.0
2155,69.0,0,9,2,9,0,3,1,5.0,13.033333333333333,2021.0,7.0
2156,22.0,0,22,0,5,0,1,0,5.0,1.9833333333333334,2021.0,5.0
2161,54.0,1,27,0,0,0,3,2,4.0,-7.75,2020.0,9.0
2163,44.0,2,0,0,9,0,2,1,5.0,2.033333333333333,2021.0,8.0
2167,49.0,0,22,2,12,0,2,3,5.0,-4.5,2021.0,10.0
2174,54.0,1,12,3,11,0,2,3,5.0,-6.966666666666667,2021.0,11.0
2178,30.0,1,18,0,14,0,1,2,2.0,4.116666666666666,2021.0,9.0
2180,50.0,0,29,2,0,0,1,1,4.0,15.133333333333333,2021.0,7.0
2185,38.0,0,30,3,14,0,3,0,4.0,2.75,2021.0,1.0
2188,32.0,0,17,3,10,0,2,2,2.0,-4.733333333333333,2021.0,11.0
2194,49.0,0,27,0,11,0,3,1,5.0,9.416666666666666,2020.0,8.0
2198,60.0,2,4,1,2,0,2,3,4.0,6.483333333333333,2020.0,5.0
2200,28.0,2,10,0,9,0,3,1,3.0,-19.566666666666666,2021.0,8.0
2203,53.0,0,32,2,13,0,3,0,4.0,11.5,2020.0,9.0
2207,21.0,2,27,1,14,0,3,2,4.0,-11.733333333333333,2021.0,3.0
2208,51.0,0,36,4,1,0,3,0,2.0,-4.083333333333333,2021.0,11.0
2212,63.0,1,2,3,6,0,1,0,3.0,6.183333333333334,2021.0,9.0
2216,29.0,0,37,4,15,0,1,0,3.0,-15.383333333333333,2020.0,12.0
2217,44.0,0,16,0,7,0,0,3,5.0,7.333333333333333,2020.0,2.0
2222,53.0,0,37,3,5,0,1,0,1.0,17.166666666666668,2020.0,5.0
2223,67.0,1,5,0,11,0,1,1,3.0,-11.933333333333334,2020.0,4.0
2226,70.0,1,39,1,8,0,0,2,5.0,2.85,2021.0,1.0
2227,61.0,2,32,2,12,0,2,3,4.0,-7.2,2020.0,9.0
2229,60.0,0,38,4,7,0,1,2,3.0,3.566666666666667,2020.0,10.0
2230,54.0,2,36,3,2,0,3,1,4.0,-13.766666666666667,2020.0,4.0
2232,40.0,0,29,4,9,0,3,1,5.0,-6.366666666666666,2021.0,8.0
2237,50.0,2,30,4,6,0,3,1,3.0,15.8,2021.0,11.0
2245,54.0,1,41,4,10,0,1,0,3.0,-17.833333333333332,2020.0,9.0
2246,59.0,2,2,2,11,0,3,0,1.0,6.7,2020.0,9.0
2247,42.0,1,21,2,1,0,2,0,5.0,-0.26666666666666666,2020.0,9.0
2248,61.0,1,22,4,3,0,0,3,2.0,-7.3,2020.0,10.0
2250,18.0,1,40,0,14,0,0,0,4.0,3.316666666666667,2021.0,7.0
2252,25.0,2,24,2,15,0,1,2,3.0,0.08333333333333333,2020.0,4.0
2253,48.0,0,1,1,13,0,1,1,3.0,-2.066666666666667,2020.0,9.0
2255,54.0,1,32,0,9,0,1,0,3.0,15.066666666666666,2021.0,4.0
